key,ref_events,ref_events_raw,pred_events,onset_matches,drum_matches,onset_precision,onset_recall,onset_f1,drum_precision,drum_recall,drum_f1,class_accuracy_on_matched_onsets,onset_mae_ms,missed,extra,wav,labels,kick->kick,kick->snare,kick->hihat,snare->kick,snare->snare,snare->hihat,hihat->kick,hihat->snare,hihat->hihat
WaveDrum02_01#HH,28,28,28,28,28,1.0,1.0,1.0,1.0,1.0,1.0,1.0,14.807256235827742,0,0,..\..\datasets\IDMT-SMT-DRUMS-V2\audio\WaveDrum02_01#HH.wav,..\..\datasets\IDMT-SMT-DRUMS-V2\annotation_svl\WaveDrum02_01#HH.svl,0,0,0,0,0,0,0,0,28
WaveDrum02_01#KD,15,15,15,15,15,1.0,1.0,1.0,1.0,1.0,1.0,1.0,10.628873771730825,0,0,..\..\datasets\IDMT-SMT-DRUMS-V2\audio\WaveDrum02_01#KD.wav,..\..\datasets\IDMT-SMT-DRUMS-V2\annotation_svl\WaveDrum02_01#KD.svl,15,0,0,0,0,0,0,0,0
WaveDrum02_01#SD,14,14,14,14,14,1.0,1.0,1.0,1.0,1.0,1.0,1.0,10.236475542597974,0,0,..\..\datasets\IDMT-SMT-DRUMS-V2\audio\WaveDrum02_01#SD.wav,..\..\datasets\IDMT-SMT-DRUMS-V2\annotation_svl\WaveDrum02_01#SD.svl,0,0,0,0,14,0,0,0,0
WaveDrum02_02#HH,24,24,24,24,24,1.0,1.0,1.0,1.0,1.0,1.0,1.0,14.207294028722645,0,0,..\..\datasets\IDMT-SMT-DRUMS-V2\audio\WaveDrum02_02#HH.wav,..\..\datasets\IDMT-SMT-DRUMS-V2\annotation_svl\WaveDrum02_02#HH.svl,0,0,0,0,0,0,0,0,24
WaveDrum02_02#KD,12,12,13,11,11,0.8461538461538461,0.9166666666666666,0.8799999999999999,0.8461538461538461,0.9166666666666666,0.8799999999999999,1.0,10.87404658833217,1,2,..\..\datasets\IDMT-SMT-DRUMS-V2\audio\WaveDrum02_02#KD.wav,..\..\datasets\IDMT-SMT-DRUMS-V2\annotation_svl\WaveDrum02_02#KD.svl,11,0,0,0,0,0,0,0,0
WaveDrum02_02#SD,12,12,12,12,12,1.0,1.0,1.0,1.0,1.0,1.0,1.0,9.739229024943183,0,0,..\..\datasets\IDMT-SMT-DRUMS-V2\audio\WaveDrum02_02#SD.wav,..\..\datasets\IDMT-SMT-DRUMS-V2\annotation_svl\WaveDrum02_02#SD.svl,0,0,0,0,12,0,0,0,0
WaveDrum02_03#HH,24,24,24,24,24,1.0,1.0,1.0,1.0,1.0,1.0,1.0,14.334845049130587,0,0,..\..\datasets\IDMT-SMT-DRUMS-V2\audio\WaveDrum02_03#HH.wav,..\..\datasets\IDMT-SMT-DRUMS-V2\annotation_svl\WaveDrum02_03#HH.svl,0,0,0,0,0,0,0,0,24
WaveDrum02_03#KD,12,12,12,12,12,1.0,1.0,1.0,1.0,1.0,1.0,1.0,14.306500377928895,0,0,..\..\datasets\IDMT-SMT-DRUMS-V2\audio\WaveDrum02_03#KD.wav,..\..\datasets\IDMT-SMT-DRUMS-V2\annotation_svl\WaveDrum02_03#KD.svl,12,0,0,0,0,0,0,0,0
WaveDrum02_03#SD,12,12,12,12,12,1.0,1.0,1.0,1.0,1.0,1.0,1.0,9.363189720332574,0,0,..\..\datasets\IDMT-SMT-DRUMS-V2\audio\WaveDrum02_03#SD.wav,..\..\datasets\IDMT-SMT-DRUMS-V2\annotation_svl\WaveDrum02_03#SD.svl,0,0,0,0,12,0,0,0,0
WaveDrum02_04#HH,51,51,48,48,48,1.0,0.9411764705882353,0.9696969696969697,1.0,0.9411764705882353,0.9696969696969697,1.0,11.562263794406642,3,0,..\..\datasets\IDMT-SMT-DRUMS-V2\audio\WaveDrum02_04#HH.wav,..\..\datasets\IDMT-SMT-DRUMS-V2\annotation_svl\WaveDrum02_04#HH.svl,0,0,0,0,0,0,0,0,48
WaveDrum02_04#KD,21,21,18,18,18,1.0,0.8571428571428571,0.923076923076923,1.0,0.8571428571428571,0.923076923076923,1.0,14.186192995716734,3,0,..\..\datasets\IDMT-SMT-DRUMS-V2\audio\WaveDrum02_04#KD.wav,..\..\datasets\IDMT-SMT-DRUMS-V2\annotation_svl\WaveDrum02_04#KD.svl,18,0,0,0,0,0,0,0,0
WaveDrum02_04#SD,20,20,12,12,12,1.0,0.6,0.7499999999999999,1.0,0.6,0.7499999999999999,1.0,14.45956160241881,8,0,..\..\datasets\IDMT-SMT-DRUMS-V2\audio\WaveDrum02_04#SD.wav,..\..\datasets\IDMT-SMT-DRUMS-V2\annotation_svl\WaveDrum02_04#SD.svl,0,0,0,0,12,0,0,0,0
WaveDrum02_05#HH,48,48,41,40,40,0.975609756097561,0.8333333333333334,0.8988764044943819,0.975609756097561,0.8333333333333334,0.8988764044943819,1.0,12.007369614512527,8,1,..\..\datasets\IDMT-SMT-DRUMS-V2\audio\WaveDrum02_05#HH.wav,..\..\datasets\IDMT-SMT-DRUMS-V2\annotation_svl\WaveDrum02_05#HH.svl,0,0,0,0,0,0,0,0,40
WaveDrum02_05#KD,20,20,17,16,16,0.9411764705882353,0.8,0.8648648648648648,0.9411764705882353,0.8,0.8648648648648648,1.0,13.48214285714307,4,1,..\..\datasets\IDMT-SMT-DRUMS-V2\audio\WaveDrum02_05#KD.wav,..\..\datasets\IDMT-SMT-DRUMS-V2\annotation_svl\WaveDrum02_05#KD.svl,16,0,0,0,0,0,0,0,0
WaveDrum02_05#SD,19,19,11,11,10,1.0,0.5789473684210527,0.7333333333333334,0.9090909090909091,0.5263157894736842,0.6666666666666666,0.9090909090909091,14.265099979385733,9,1,..\..\datasets\IDMT-SMT-DRUMS-V2\audio\WaveDrum02_05#SD.wav,..\..\datasets\IDMT-SMT-DRUMS-V2\annotation_svl\WaveDrum02_05#SD.svl,0,0,0,1,10,0,0,0,0
WaveDrum02_06#HH,48,48,33,33,33,1.0,0.6875,0.8148148148148148,1.0,0.6875,0.8148148148148148,1.0,12.105407819693548,15,0,..\..\datasets\IDMT-SMT-DRUMS-V2\audio\WaveDrum02_06#HH.wav,..\..\datasets\IDMT-SMT-DRUMS-V2\annotation_svl\WaveDrum02_06#HH.svl,0,0,0,0,0,0,0,0,33
WaveDrum02_06#KD,20,20,17,17,17,1.0,0.85,0.9189189189189189,1.0,0.85,0.9189189189189189,1.0,14.55515539549148,3,0,..\..\datasets\IDMT-SMT-DRUMS-V2\audio\WaveDrum02_06#KD.wav,..\..\datasets\IDMT-SMT-DRUMS-V2\annotation_svl\WaveDrum02_06#KD.svl,17,0,0,0,0,0,0,0,0
WaveDrum02_06#SD,19,19,17,17,13,1.0,0.8947368421052632,0.9444444444444444,0.7647058823529411,0.6842105263157895,0.7222222222222222,0.7647058823529411,13.345338135254064,6,4,..\..\datasets\IDMT-SMT-DRUMS-V2\audio\WaveDrum02_06#SD.wav,..\..\datasets\IDMT-SMT-DRUMS-V2\annotation_svl\WaveDrum02_06#SD.svl,0,0,0,0,13,4,0,0,0
WaveDrum02_07#HH,32,32,32,31,31,0.96875,0.96875,0.96875,0.96875,0.96875,0.96875,1.0,18.82159315339044,1,1,..\..\datasets\IDMT-SMT-DRUMS-V2\audio\WaveDrum02_07#HH.wav,..\..\datasets\IDMT-SMT-DRUMS-V2\annotation_svl\WaveDrum02_07#HH.svl,0,0,0,0,0,0,0,0,31
WaveDrum02_07#KD,32,32,32,32,32,1.0,1.0,1.0,1.0,1.0,1.0,1.0,14.654195011337995,0,0,..\..\datasets\IDMT-SMT-DRUMS-V2\audio\WaveDrum02_07#KD.wav,..\..\datasets\IDMT-SMT-DRUMS-V2\annotation_svl\WaveDrum02_07#KD.svl,32,0,0,0,0,0,0,0,0
WaveDrum02_07#SD,19,19,20,19,16,0.95,1.0,0.9743589743589743,0.8,0.8421052631578947,0.8205128205128205,0.8421052631578947,10.644468313641262,3,4,..\..\datasets\IDMT-SMT-DRUMS-V2\audio\WaveDrum02_07#SD.wav,..\..\datasets\IDMT-SMT-DRUMS-V2\annotation_svl\WaveDrum02_07#SD.svl,0,0,0,3,16,0,0,0,0
WaveDrum02_08#HH,29,29,29,28,28,0.9655172413793104,0.9655172413793104,0.9655172413793104,0.9655172413793104,0.9655172413793104,0.9655172413793104,1.0,20.438127632005205,1,1,..\..\datasets\IDMT-SMT-DRUMS-V2\audio\WaveDrum02_08#HH.wav,..\..\datasets\IDMT-SMT-DRUMS-V2\annotation_svl\WaveDrum02_08#HH.svl,0,0,0,0,0,0,0,0,28
WaveDrum02_08#KD,28,28,29,28,28,0.9655172413793104,1.0,0.9824561403508771,0.9655172413793104,1.0,0.9824561403508771,1.0,16.99951409135087,0,1,..\..\datasets\IDMT-SMT-DRUMS-V2\audio\WaveDrum02_08#KD.wav,..\..\datasets\IDMT-SMT-DRUMS-V2\annotation_svl\WaveDrum02_08#KD.svl,28,0,0,0,0,0,0,0,0
WaveDrum02_08#SD,17,17,17,17,14,1.0,1.0,1.0,0.8235294117647058,0.8235294117647058,0.8235294117647058,0.8235294117647058,12.176870748299336,3,3,..\..\datasets\IDMT-SMT-DRUMS-V2\audio\WaveDrum02_08#SD.wav,..\..\datasets\IDMT-SMT-DRUMS-V2\annotation_svl\WaveDrum02_08#SD.svl,0,0,0,3,14,0,0,0,0
WaveDrum02_09#HH,28,28,29,27,27,0.9310344827586207,0.9642857142857143,0.9473684210526316,0.9310344827586207,0.9642857142857143,0.9473684210526316,1.0,19.090450995212915,1,2,..\..\datasets\IDMT-SMT-DRUMS-V2\audio\WaveDrum02_09#HH.wav,..\..\datasets\IDMT-SMT-DRUMS-V2\annotation_svl\WaveDrum02_09#HH.svl,0,0,0,0,0,0,0,0,27
WaveDrum02_09#KD,29,29,29,29,29,1.0,1.0,1.0,1.0,1.0,1.0,1.0,16.188912346547895,0,0,..\..\datasets\IDMT-SMT-DRUMS-V2\audio\WaveDrum02_09#KD.wav,..\..\datasets\IDMT-SMT-DRUMS-V2\annotation_svl\WaveDrum02_09#KD.svl,29,0,0,0,0,0,0,0,0
WaveDrum02_09#SD,17,17,17,17,17,1.0,1.0,1.0,1.0,1.0,1.0,1.0,10.668267306922859,0,0,..\..\datasets\IDMT-SMT-DRUMS-V2\audio\WaveDrum02_09#SD.wav,..\..\datasets\IDMT-SMT-DRUMS-V2\annotation_svl\WaveDrum02_09#SD.svl,0,0,0,0,17,0,0,0,0
WaveDrum02_10#HH,37,37,28,28,28,1.0,0.7567567567567568,0.8615384615384616,1.0,0.7567567567567568,0.8615384615384616,1.0,13.053935860058303,9,0,..\..\datasets\IDMT-SMT-DRUMS-V2\audio\WaveDrum02_10#HH.wav,..\..\datasets\IDMT-SMT-DRUMS-V2\annotation_svl\WaveDrum02_10#HH.svl,0,0,0,0,0,0,0,0,28
WaveDrum02_10#KD,10,10,10,10,10,1.0,1.0,1.0,1.0,1.0,1.0,1.0,12.206349206349522,0,0,..\..\datasets\IDMT-SMT-DRUMS-V2\audio\WaveDrum02_10#KD.wav,..\..\datasets\IDMT-SMT-DRUMS-V2\annotation_svl\WaveDrum02_10#KD.svl,10,0,0,0,0,0,0,0,0
WaveDrum02_10#SD,10,10,10,10,10,1.0,1.0,1.0,1.0,1.0,1.0,1.0,6.616780045351612,0,0,..\..\datasets\IDMT-SMT-DRUMS-V2\audio\WaveDrum02_10#SD.wav,..\..\datasets\IDMT-SMT-DRUMS-V2\annotation_svl\WaveDrum02_10#SD.svl,0,0,0,0,10,0,0,0,0
WaveDrum02_11#HH,36,36,27,26,26,0.9629629629629629,0.7222222222222222,0.8253968253968254,0.9629629629629629,0.7222222222222222,0.8253968253968254,1.0,17.2222222222221,10,1,..\..\datasets\IDMT-SMT-DRUMS-V2\audio\WaveDrum02_11#HH.wav,..\..\datasets\IDMT-SMT-DRUMS-V2\annotation_svl\WaveDrum02_11#HH.svl,0,0,0,0,0,0,0,0,26
WaveDrum02_11#KD,10,10,11,10,10,0.9090909090909091,1.0,0.9523809523809523,0.9090909090909091,1.0,0.9523809523809523,1.0,10.458049886621536,0,1,..\..\datasets\IDMT-SMT-DRUMS-V2\audio\WaveDrum02_11#KD.wav,..\..\datasets\IDMT-SMT-DRUMS-V2\annotation_svl\WaveDrum02_11#KD.svl,10,0,0,0,0,0,0,0,0
WaveDrum02_11#SD,10,10,10,10,10,1.0,1.0,1.0,1.0,1.0,1.0,1.0,7.047619047618947,0,0,..\..\datasets\IDMT-SMT-DRUMS-V2\audio\WaveDrum02_11#SD.wav,..\..\datasets\IDMT-SMT-DRUMS-V2\annotation_svl\WaveDrum02_11#SD.svl,0,0,0,0,10,0,0,0,0
WaveDrum02_12#HH,36,36,27,26,26,0.9629629629629629,0.7222222222222222,0.8253968253968254,0.9629629629629629,0.7222222222222222,0.8253968253968254,1.0,14.699982557125386,10,1,..\..\datasets\IDMT-SMT-DRUMS-V2\audio\WaveDrum02_12#HH.wav,..\..\datasets\IDMT-SMT-DRUMS-V2\annotation_svl\WaveDrum02_12#HH.svl,0,0,0,0,0,0,0,0,26
WaveDrum02_12#KD,10,10,10,10,10,1.0,1.0,1.0,1.0,1.0,1.0,1.0,12.283446712018447,0,0,..\..\datasets\IDMT-SMT-DRUMS-V2\audio\WaveDrum02_12#KD.wav,..\..\datasets\IDMT-SMT-DRUMS-V2\annotation_svl\WaveDrum02_12#KD.svl,10,0,0,0,0,0,0,0,0
WaveDrum02_12#SD,10,10,10,10,3,1.0,1.0,1.0,0.3,0.3,0.3,0.3,6.619047619047702,7,7,..\..\datasets\IDMT-SMT-DRUMS-V2\audio\WaveDrum02_12#SD.wav,..\..\datasets\IDMT-SMT-DRUMS-V2\annotation_svl\WaveDrum02_12#SD.svl,0,0,0,0,3,7,0,0,0
WaveDrum02_13#HH,55,55,56,54,54,0.9642857142857143,0.9818181818181818,0.972972972972973,0.9642857142857143,0.9818181818181818,0.972972972972973,1.0,13.723859914336053,1,2,..\..\datasets\IDMT-SMT-DRUMS-V2\audio\WaveDrum02_13#HH.wav,..\..\datasets\IDMT-SMT-DRUMS-V2\annotation_svl\WaveDrum02_13#HH.svl,0,0,0,0,0,0,0,0,54
WaveDrum02_13#KD,31,31,31,30,30,0.967741935483871,0.967741935483871,0.967741935483871,0.967741935483871,0.967741935483871,0.967741935483871,1.0,16.580498866213134,1,1,..\..\datasets\IDMT-SMT-DRUMS-V2\audio\WaveDrum02_13#KD.wav,..\..\datasets\IDMT-SMT-DRUMS-V2\annotation_svl\WaveDrum02_13#KD.svl,30,0,0,0,0,0,0,0,0
WaveDrum02_13#SD,11,11,11,11,11,1.0,1.0,1.0,1.0,1.0,1.0,1.0,12.539682539682659,0,0,..\..\datasets\IDMT-SMT-DRUMS-V2\audio\WaveDrum02_13#SD.wav,..\..\datasets\IDMT-SMT-DRUMS-V2\annotation_svl\WaveDrum02_13#SD.svl,0,0,0,0,11,0,0,0,0
WaveDrum02_14#HH,55,55,50,48,48,0.96,0.8727272727272727,0.9142857142857144,0.96,0.8727272727272727,0.9142857142857144,1.0,18.861489040060416,7,2,..\..\datasets\IDMT-SMT-DRUMS-V2\audio\WaveDrum02_14#HH.wav,..\..\datasets\IDMT-SMT-DRUMS-V2\annotation_svl\WaveDrum02_14#HH.svl,0,0,0,0,0,0,0,0,48
WaveDrum02_14#KD,31,31,31,30,30,0.967741935483871,0.967741935483871,0.967741935483871,0.967741935483871,0.967741935483871,0.967741935483871,1.0,16.179138321995527,1,1,..\..\datasets\IDMT-SMT-DRUMS-V2\audio\WaveDrum02_14#KD.wav,..\..\datasets\IDMT-SMT-DRUMS-V2\annotation_svl\WaveDrum02_14#KD.svl,30,0,0,0,0,0,0,0,0
WaveDrum02_14#SD,11,11,14,11,11,0.7857142857142857,1.0,0.88,0.7857142857142857,1.0,0.88,1.0,12.935477221191402,0,3,..\..\datasets\IDMT-SMT-DRUMS-V2\audio\WaveDrum02_14#SD.wav,..\..\datasets\IDMT-SMT-DRUMS-V2\annotation_svl\WaveDrum02_14#SD.svl,0,0,0,0,11,0,0,0,0
WaveDrum02_15#HH,55,55,56,54,54,0.9642857142857143,0.9818181818181818,0.972972972972973,0.9642857142857143,0.9818181818181818,0.972972972972973,1.0,13.164525069286865,1,2,..\..\datasets\IDMT-SMT-DRUMS-V2\audio\WaveDrum02_15#HH.wav,..\..\datasets\IDMT-SMT-DRUMS-V2\annotation_svl\WaveDrum02_15#HH.svl,0,0,0,0,0,0,0,0,54
WaveDrum02_15#KD,31,31,30,30,30,1.0,0.967741935483871,0.9836065573770492,1.0,0.967741935483871,0.9836065573770492,1.0,18.343915343915295,1,0,..\..\datasets\IDMT-SMT-DRUMS-V2\audio\WaveDrum02_15#KD.wav,..\..\datasets\IDMT-SMT-DRUMS-V2\annotation_svl\WaveDrum02_15#KD.svl,30,0,0,0,0,0,0,0,0
WaveDrum02_15#SD,11,11,11,11,7,1.0,1.0,1.0,0.6363636363636364,0.6363636363636364,0.6363636363636364,0.6363636363636364,12.533498247783795,4,4,..\..\datasets\IDMT-SMT-DRUMS-V2\audio\WaveDrum02_15#SD.wav,..\..\datasets\IDMT-SMT-DRUMS-V2\annotation_svl\WaveDrum02_15#SD.svl,0,0,0,0,7,4,0,0,0
WaveDrum02_16#HH,36,36,36,36,36,1.0,1.0,1.0,1.0,1.0,1.0,1.0,16.94885361552017,0,0,..\..\datasets\IDMT-SMT-DRUMS-V2\audio\WaveDrum02_16#HH.wav,..\..\datasets\IDMT-SMT-DRUMS-V2\annotation_svl\WaveDrum02_16#HH.svl,0,0,0,0,0,0,0,0,36
WaveDrum02_16#KD,31,31,31,31,31,1.0,1.0,1.0,1.0,1.0,1.0,1.0,12.14907468363687,0,0,..\..\datasets\IDMT-SMT-DRUMS-V2\audio\WaveDrum02_16#KD.wav,..\..\datasets\IDMT-SMT-DRUMS-V2\annotation_svl\WaveDrum02_16#KD.svl,31,0,0,0,0,0,0,0,0
WaveDrum02_16#SD,17,17,18,17,17,0.9444444444444444,1.0,0.9714285714285714,0.9444444444444444,1.0,0.9714285714285714,1.0,13.04388422035477,0,1,..\..\datasets\IDMT-SMT-DRUMS-V2\audio\WaveDrum02_16#SD.wav,..\..\datasets\IDMT-SMT-DRUMS-V2\annotation_svl\WaveDrum02_16#SD.svl,0,0,0,0,17,0,0,0,0
WaveDrum02_17#HH,36,36,36,35,35,0.9722222222222222,0.9722222222222222,0.9722222222222222,0.9722222222222222,0.9722222222222222,0.9722222222222222,1.0,19.983155166828777,1,1,..\..\datasets\IDMT-SMT-DRUMS-V2\audio\WaveDrum02_17#HH.wav,..\..\datasets\IDMT-SMT-DRUMS-V2\annotation_svl\WaveDrum02_17#HH.svl,0,0,0,0,0,0,0,0,35
WaveDrum02_17#KD,31,31,31,31,31,1.0,1.0,1.0,1.0,1.0,1.0,1.0,13.131446126837904,0,0,..\..\datasets\IDMT-SMT-DRUMS-V2\audio\WaveDrum02_17#KD.wav,..\..\datasets\IDMT-SMT-DRUMS-V2\annotation_svl\WaveDrum02_17#KD.svl,31,0,0,0,0,0,0,0,0
WaveDrum02_17#SD,17,17,18,17,17,0.9444444444444444,1.0,0.9714285714285714,0.9444444444444444,1.0,0.9714285714285714,1.0,13.437374949979976,0,1,..\..\datasets\IDMT-SMT-DRUMS-V2\audio\WaveDrum02_17#SD.wav,..\..\datasets\IDMT-SMT-DRUMS-V2\annotation_svl\WaveDrum02_17#SD.svl,0,0,0,0,17,0,0,0,0
WaveDrum02_18#HH,36,36,36,35,35,0.9722222222222222,0.9722222222222222,0.9722222222222222,0.9722222222222222,0.9722222222222222,0.9722222222222222,1.0,16.857142857142822,1,1,..\..\datasets\IDMT-SMT-DRUMS-V2\audio\WaveDrum02_18#HH.wav,..\..\datasets\IDMT-SMT-DRUMS-V2\annotation_svl\WaveDrum02_18#HH.svl,0,0,0,0,0,0,0,0,35
WaveDrum02_18#KD,31,31,31,31,31,1.0,1.0,1.0,1.0,1.0,1.0,1.0,14.959403116085172,0,0,..\..\datasets\IDMT-SMT-DRUMS-V2\audio\WaveDrum02_18#KD.wav,..\..\datasets\IDMT-SMT-DRUMS-V2\annotation_svl\WaveDrum02_18#KD.svl,31,0,0,0,0,0,0,0,0
WaveDrum02_18#SD,17,17,18,17,5,0.9444444444444444,1.0,0.9714285714285714,0.2777777777777778,0.29411764705882354,0.28571428571428575,0.29411764705882354,13.046551954114934,12,13,..\..\datasets\IDMT-SMT-DRUMS-V2\audio\WaveDrum02_18#SD.wav,..\..\datasets\IDMT-SMT-DRUMS-V2\annotation_svl\WaveDrum02_18#SD.svl,0,0,0,0,5,12,0,0,0
WaveDrum02_19#HH,23,23,24,23,23,0.9583333333333334,1.0,0.9787234042553191,0.9583333333333334,1.0,0.9787234042553191,1.0,11.773636991028242,0,1,..\..\datasets\IDMT-SMT-DRUMS-V2\audio\WaveDrum02_19#HH.wav,..\..\datasets\IDMT-SMT-DRUMS-V2\annotation_svl\WaveDrum02_19#HH.svl,0,0,0,0,0,0,0,0,23
WaveDrum02_19#KD,12,12,12,12,12,1.0,1.0,1.0,1.0,1.0,1.0,1.0,12.042705971277679,0,0,..\..\datasets\IDMT-SMT-DRUMS-V2\audio\WaveDrum02_19#KD.wav,..\..\datasets\IDMT-SMT-DRUMS-V2\annotation_svl\WaveDrum02_19#KD.svl,12,0,0,0,0,0,0,0,0
WaveDrum02_19#SD,12,12,12,12,12,1.0,1.0,1.0,1.0,1.0,1.0,1.0,9.300831443688587,0,0,..\..\datasets\IDMT-SMT-DRUMS-V2\audio\WaveDrum02_19#SD.wav,..\..\datasets\IDMT-SMT-DRUMS-V2\annotation_svl\WaveDrum02_19#SD.svl,0,0,0,0,12,0,0,0,0
WaveDrum02_20#HH,23,23,24,23,23,0.9583333333333334,1.0,0.9787234042553191,0.9583333333333334,1.0,0.9787234042553191,1.0,24.92753623188393,0,1,..\..\datasets\IDMT-SMT-DRUMS-V2\audio\WaveDrum02_20#HH.wav,..\..\datasets\IDMT-SMT-DRUMS-V2\annotation_svl\WaveDrum02_20#HH.svl,0,0,0,0,0,0,0,0,23
WaveDrum02_20#KD,12,12,12,12,12,1.0,1.0,1.0,1.0,1.0,1.0,1.0,10.933484504912958,0,0,..\..\datasets\IDMT-SMT-DRUMS-V2\audio\WaveDrum02_20#KD.wav,..\..\datasets\IDMT-SMT-DRUMS-V2\annotation_svl\WaveDrum02_20#KD.svl,12,0,0,0,0,0,0,0,0
WaveDrum02_20#SD,12,12,12,12,12,1.0,1.0,1.0,1.0,1.0,1.0,1.0,9.777021919879106,0,0,..\..\datasets\IDMT-SMT-DRUMS-V2\audio\WaveDrum02_20#SD.wav,..\..\datasets\IDMT-SMT-DRUMS-V2\annotation_svl\WaveDrum02_20#SD.svl,0,0,0,0,12,0,0,0,0
WaveDrum02_21#HH,23,23,24,23,23,0.9583333333333334,1.0,0.9787234042553191,0.9583333333333334,1.0,0.9787234042553191,1.0,14.766834269939775,0,1,..\..\datasets\IDMT-SMT-DRUMS-V2\audio\WaveDrum02_21#HH.wav,..\..\datasets\IDMT-SMT-DRUMS-V2\annotation_svl\WaveDrum02_21#HH.svl,0,0,0,0,0,0,0,0,23
WaveDrum02_21#KD,12,12,12,12,12,1.0,1.0,1.0,1.0,1.0,1.0,1.0,11.90098261526836,0,0,..\..\datasets\IDMT-SMT-DRUMS-V2\audio\WaveDrum02_21#KD.wav,..\..\datasets\IDMT-SMT-DRUMS-V2\annotation_svl\WaveDrum02_21#KD.svl,12,0,0,0,0,0,0,0,0
WaveDrum02_21#SD,12,12,12,12,12,1.0,1.0,1.0,1.0,1.0,1.0,1.0,8.393801965230587,0,0,..\..\datasets\IDMT-SMT-DRUMS-V2\audio\WaveDrum02_21#SD.wav,..\..\datasets\IDMT-SMT-DRUMS-V2\annotation_svl\WaveDrum02_21#SD.svl,0,0,0,0,12,0,0,0,0
WaveDrum02_22#HH,42,42,24,24,24,1.0,0.5714285714285714,0.7272727272727273,1.0,0.5714285714285714,0.7272727272727273,1.0,11.491874527588696,18,0,..\..\datasets\IDMT-SMT-DRUMS-V2\audio\WaveDrum02_22#HH.wav,..\..\datasets\IDMT-SMT-DRUMS-V2\annotation_svl\WaveDrum02_22#HH.svl,0,0,0,0,0,0,0,0,24
WaveDrum02_22#KD,17,17,15,15,15,1.0,0.8823529411764706,0.9375,1.0,0.8823529411764706,0.9375,1.0,17.427059712774007,2,0,..\..\datasets\IDMT-SMT-DRUMS-V2\audio\WaveDrum02_22#KD.wav,..\..\datasets\IDMT-SMT-DRUMS-V2\annotation_svl\WaveDrum02_22#KD.svl,15,0,0,0,0,0,0,0,0
WaveDrum02_22#SD,17,17,10,10,10,1.0,0.5882352941176471,0.7407407407407407,1.0,0.5882352941176471,0.7407407407407407,1.0,11.058956916099616,7,0,..\..\datasets\IDMT-SMT-DRUMS-V2\audio\WaveDrum02_22#SD.wav,..\..\datasets\IDMT-SMT-DRUMS-V2\annotation_svl\WaveDrum02_22#SD.svl,0,0,0,0,10,0,0,0,0
WaveDrum02_23#HH,47,47,46,44,44,0.9565217391304348,0.9361702127659575,0.9462365591397849,0.9565217391304348,0.9361702127659575,0.9462365591397849,1.0,13.06173984745414,3,2,..\..\datasets\IDMT-SMT-DRUMS-V2\audio\WaveDrum02_23#HH.wav,..\..\datasets\IDMT-SMT-DRUMS-V2\annotation_svl\WaveDrum02_23#HH.svl,0,0,0,0,0,0,0,0,44
WaveDrum02_23#KD,20,20,20,20,20,1.0,1.0,1.0,1.0,1.0,1.0,1.0,14.31519274376423,0,0,..\..\datasets\IDMT-SMT-DRUMS-V2\audio\WaveDrum02_23#KD.wav,..\..\datasets\IDMT-SMT-DRUMS-V2\annotation_svl\WaveDrum02_23#KD.svl,20,0,0,0,0,0,0,0,0
WaveDrum02_23#SD,19,19,13,13,13,1.0,0.6842105263157895,0.8125000000000001,1.0,0.6842105263157895,0.8125000000000001,1.0,12.058259201116405,6,0,..\..\datasets\IDMT-SMT-DRUMS-V2\audio\WaveDrum02_23#SD.wav,..\..\datasets\IDMT-SMT-DRUMS-V2\annotation_svl\WaveDrum02_23#SD.svl,0,0,0,0,13,0,0,0,0
WaveDrum02_24#HH,47,47,34,32,32,0.9411764705882353,0.6808510638297872,0.7901234567901235,0.9411764705882353,0.6808510638297872,0.7901234567901235,1.0,13.179563492063542,15,2,..\..\datasets\IDMT-SMT-DRUMS-V2\audio\WaveDrum02_24#HH.wav,..\..\datasets\IDMT-SMT-DRUMS-V2\annotation_svl\WaveDrum02_24#HH.svl,0,0,0,0,0,0,0,0,32
WaveDrum02_24#KD,20,20,17,17,17,1.0,0.85,0.9189189189189189,1.0,0.85,0.9189189189189189,1.0,17.63505402160846,3,0,..\..\datasets\IDMT-SMT-DRUMS-V2\audio\WaveDrum02_24#KD.wav,..\..\datasets\IDMT-SMT-DRUMS-V2\annotation_svl\WaveDrum02_24#KD.svl,17,0,0,0,0,0,0,0,0
WaveDrum02_24#SD,19,19,19,19,19,1.0,1.0,1.0,1.0,1.0,1.0,1.0,13.915741735290702,0,0,..\..\datasets\IDMT-SMT-DRUMS-V2\audio\WaveDrum02_24#SD.wav,..\..\datasets\IDMT-SMT-DRUMS-V2\annotation_svl\WaveDrum02_24#SD.svl,0,0,0,0,19,0,0,0,0
WaveDrum02_25#HH,32,32,32,32,32,1.0,1.0,1.0,1.0,1.0,1.0,1.0,14.086592970521586,0,0,..\..\datasets\IDMT-SMT-DRUMS-V2\audio\WaveDrum02_25#HH.wav,..\..\datasets\IDMT-SMT-DRUMS-V2\annotation_svl\WaveDrum02_25#HH.svl,0,0,0,0,0,0,0,0,32
WaveDrum02_25#KD,32,32,32,32,32,1.0,1.0,1.0,1.0,1.0,1.0,1.0,17.276785714285843,0,0,..\..\datasets\IDMT-SMT-DRUMS-V2\audio\WaveDrum02_25#KD.wav,..\..\datasets\IDMT-SMT-DRUMS-V2\annotation_svl\WaveDrum02_25#KD.svl,32,0,0,0,0,0,0,0,0
WaveDrum02_25#SD,19,19,20,19,19,0.95,1.0,0.9743589743589743,0.95,1.0,0.9743589743589743,1.0,12.863110156343343,0,1,..\..\datasets\IDMT-SMT-DRUMS-V2\audio\WaveDrum02_25#SD.wav,..\..\datasets\IDMT-SMT-DRUMS-V2\annotation_svl\WaveDrum02_25#SD.svl,0,0,0,0,19,0,0,0,0
WaveDrum02_26#HH,29,29,29,28,28,0.9655172413793104,0.9655172413793104,0.9655172413793104,0.9655172413793104,0.9655172413793104,0.9655172413793104,1.0,18.9366699060577,1,1,..\..\datasets\IDMT-SMT-DRUMS-V2\audio\WaveDrum02_26#HH.wav,..\..\datasets\IDMT-SMT-DRUMS-V2\annotation_svl\WaveDrum02_26#HH.svl,0,0,0,0,0,0,0,0,28
WaveDrum02_26#KD,28,28,29,28,28,0.9655172413793104,1.0,0.9824561403508771,0.9655172413793104,1.0,0.9824561403508771,1.0,19.29219306770333,0,1,..\..\datasets\IDMT-SMT-DRUMS-V2\audio\WaveDrum02_26#KD.wav,..\..\datasets\IDMT-SMT-DRUMS-V2\annotation_svl\WaveDrum02_26#KD.svl,28,0,0,0,0,0,0,0,0
WaveDrum02_26#SD,17,17,17,17,15,1.0,1.0,1.0,0.8823529411764706,0.8823529411764706,0.8823529411764706,0.8823529411764706,13.589435774309896,2,2,..\..\datasets\IDMT-SMT-DRUMS-V2\audio\WaveDrum02_26#SD.wav,..\..\datasets\IDMT-SMT-DRUMS-V2\annotation_svl\WaveDrum02_26#SD.svl,0,0,0,2,15,0,0,0,0
WaveDrum02_27#HH,29,29,29,28,28,0.9655172413793104,0.9655172413793104,0.9655172413793104,0.9655172413793104,0.9655172413793104,0.9655172413793104,1.0,18.76012309685785,1,1,..\..\datasets\IDMT-SMT-DRUMS-V2\audio\WaveDrum02_27#HH.wav,..\..\datasets\IDMT-SMT-DRUMS-V2\annotation_svl\WaveDrum02_27#HH.svl,0,0,0,0,0,0,0,0,28
WaveDrum02_27#KD,28,28,29,28,28,0.9655172413793104,1.0,0.9824561403508771,0.9655172413793104,1.0,0.9824561403508771,1.0,14.536767087787473,0,1,..\..\datasets\IDMT-SMT-DRUMS-V2\audio\WaveDrum02_27#KD.wav,..\..\datasets\IDMT-SMT-DRUMS-V2\annotation_svl\WaveDrum02_27#KD.svl,28,0,0,0,0,0,0,0,0
WaveDrum02_27#SD,17,17,17,17,17,1.0,1.0,1.0,1.0,1.0,1.0,1.0,12.703748165933034,0,0,..\..\datasets\IDMT-SMT-DRUMS-V2\audio\WaveDrum02_27#SD.wav,..\..\datasets\IDMT-SMT-DRUMS-V2\annotation_svl\WaveDrum02_27#SD.svl,0,0,0,0,17,0,0,0,0
WaveDrum02_28#HH,36,36,23,22,22,0.9565217391304348,0.6111111111111112,0.7457627118644068,0.9565217391304348,0.6111111111111112,0.7457627118644068,1.0,12.140795712224206,14,1,..\..\datasets\IDMT-SMT-DRUMS-V2\audio\WaveDrum02_28#HH.wav,..\..\datasets\IDMT-SMT-DRUMS-V2\annotation_svl\WaveDrum02_28#HH.svl,0,0,0,0,0,0,0,0,22
WaveDrum02_28#KD,10,10,10,10,10,1.0,1.0,1.0,1.0,1.0,1.0,1.0,11.829931972789488,0,0,..\..\datasets\IDMT-SMT-DRUMS-V2\audio\WaveDrum02_28#KD.wav,..\..\datasets\IDMT-SMT-DRUMS-V2\annotation_svl\WaveDrum02_28#KD.svl,10,0,0,0,0,0,0,0,0
WaveDrum02_28#SD,10,10,10,10,10,1.0,1.0,1.0,1.0,1.0,1.0,1.0,7.659863945578193,0,0,..\..\datasets\IDMT-SMT-DRUMS-V2\audio\WaveDrum02_28#SD.wav,..\..\datasets\IDMT-SMT-DRUMS-V2\annotation_svl\WaveDrum02_28#SD.svl,0,0,0,0,10,0,0,0,0
WaveDrum02_29#HH,36,36,29,28,28,0.9655172413793104,0.7777777777777778,0.8615384615384615,0.9655172413793104,0.7777777777777778,0.8615384615384615,1.0,19.38613540654352,8,1,..\..\datasets\IDMT-SMT-DRUMS-V2\audio\WaveDrum02_29#HH.wav,..\..\datasets\IDMT-SMT-DRUMS-V2\annotation_svl\WaveDrum02_29#HH.svl,0,0,0,0,0,0,0,0,28
WaveDrum02_29#KD,10,10,10,10,10,1.0,1.0,1.0,1.0,1.0,1.0,1.0,10.521541950113633,0,0,..\..\datasets\IDMT-SMT-DRUMS-V2\audio\WaveDrum02_29#KD.wav,..\..\datasets\IDMT-SMT-DRUMS-V2\annotation_svl\WaveDrum02_29#KD.svl,10,0,0,0,0,0,0,0,0
WaveDrum02_29#SD,10,10,10,10,10,1.0,1.0,1.0,1.0,1.0,1.0,1.0,8.244897959183762,0,0,..\..\datasets\IDMT-SMT-DRUMS-V2\audio\WaveDrum02_29#SD.wav,..\..\datasets\IDMT-SMT-DRUMS-V2\annotation_svl\WaveDrum02_29#SD.svl,0,0,0,0,10,0,0,0,0
WaveDrum02_30#HH,36,36,26,25,25,0.9615384615384616,0.6944444444444444,0.8064516129032258,0.9615384615384616,0.6944444444444444,0.8064516129032258,1.0,13.933786848072577,11,1,..\..\datasets\IDMT-SMT-DRUMS-V2\audio\WaveDrum02_30#HH.wav,..\..\datasets\IDMT-SMT-DRUMS-V2\annotation_svl\WaveDrum02_30#HH.svl,0,0,0,0,0,0,0,0,25
WaveDrum02_30#KD,10,10,10,10,10,1.0,1.0,1.0,1.0,1.0,1.0,1.0,11.848072562358404,0,0,..\..\datasets\IDMT-SMT-DRUMS-V2\audio\WaveDrum02_30#KD.wav,..\..\datasets\IDMT-SMT-DRUMS-V2\annotation_svl\WaveDrum02_30#KD.svl,10,0,0,0,0,0,0,0,0
WaveDrum02_30#SD,10,10,10,10,9,1.0,1.0,1.0,0.9,0.9,0.9,0.9,6.587301587301664,1,1,..\..\datasets\IDMT-SMT-DRUMS-V2\audio\WaveDrum02_30#SD.wav,..\..\datasets\IDMT-SMT-DRUMS-V2\annotation_svl\WaveDrum02_30#SD.svl,0,0,0,0,9,1,0,0,0
WaveDrum02_31#HH,55,55,55,54,54,0.9818181818181818,0.9818181818181818,0.9818181818181818,0.9818181818181818,0.9818181818181818,0.9818181818181818,1.0,14.94750986814478,1,1,..\..\datasets\IDMT-SMT-DRUMS-V2\audio\WaveDrum02_31#HH.wav,..\..\datasets\IDMT-SMT-DRUMS-V2\annotation_svl\WaveDrum02_31#HH.svl,0,0,0,0,0,0,0,0,54
WaveDrum02_31#KD,31,31,31,31,31,1.0,1.0,1.0,1.0,1.0,1.0,1.0,19.515031819179253,0,0,..\..\datasets\IDMT-SMT-DRUMS-V2\audio\WaveDrum02_31#KD.wav,..\..\datasets\IDMT-SMT-DRUMS-V2\annotation_svl\WaveDrum02_31#KD.svl,31,0,0,0,0,0,0,0,0
WaveDrum02_31#SD,11,11,11,11,11,1.0,1.0,1.0,1.0,1.0,1.0,1.0,12.558235415377906,0,0,..\..\datasets\IDMT-SMT-DRUMS-V2\audio\WaveDrum02_31#SD.wav,..\..\datasets\IDMT-SMT-DRUMS-V2\annotation_svl\WaveDrum02_31#SD.svl,0,0,0,0,11,0,0,0,0
WaveDrum02_32#HH,55,55,55,53,53,0.9636363636363636,0.9636363636363636,0.9636363636363636,0.9636363636363636,0.9636363636363636,0.9636363636363636,1.0,11.091858126898531,2,2,..\..\datasets\IDMT-SMT-DRUMS-V2\audio\WaveDrum02_32#HH.wav,..\..\datasets\IDMT-SMT-DRUMS-V2\annotation_svl\WaveDrum02_32#HH.svl,0,0,0,0,0,0,0,0,53
WaveDrum02_32#KD,31,31,31,31,31,1.0,1.0,1.0,1.0,1.0,1.0,1.0,19.808353448906455,0,0,..\..\datasets\IDMT-SMT-DRUMS-V2\audio\WaveDrum02_32#KD.wav,..\..\datasets\IDMT-SMT-DRUMS-V2\annotation_svl\WaveDrum02_32#KD.svl,31,0,0,0,0,0,0,0,0
WaveDrum02_32#SD,11,11,11,11,11,1.0,1.0,1.0,1.0,1.0,1.0,1.0,13.015873015872653,0,0,..\..\datasets\IDMT-SMT-DRUMS-V2\audio\WaveDrum02_32#SD.wav,..\..\datasets\IDMT-SMT-DRUMS-V2\annotation_svl\WaveDrum02_32#SD.svl,0,0,0,0,11,0,0,0,0
WaveDrum02_33#HH,55,55,53,51,51,0.9622641509433962,0.9272727272727272,0.9444444444444444,0.9622641509433962,0.9272727272727272,0.9444444444444444,1.0,15.867235783202212,4,2,..\..\datasets\IDMT-SMT-DRUMS-V2\audio\WaveDrum02_33#HH.wav,..\..\datasets\IDMT-SMT-DRUMS-V2\annotation_svl\WaveDrum02_33#HH.svl,0,0,0,0,0,0,0,0,51
WaveDrum02_33#KD,31,31,31,31,31,1.0,1.0,1.0,1.0,1.0,1.0,1.0,15.816692268305141,0,0,..\..\datasets\IDMT-SMT-DRUMS-V2\audio\WaveDrum02_33#KD.wav,..\..\datasets\IDMT-SMT-DRUMS-V2\annotation_svl\WaveDrum02_33#KD.svl,31,0,0,0,0,0,0,0,0
WaveDrum02_33#SD,11,11,11,11,11,1.0,1.0,1.0,1.0,1.0,1.0,1.0,11.566687280972856,0,0,..\..\datasets\IDMT-SMT-DRUMS-V2\audio\WaveDrum02_33#SD.wav,..\..\datasets\IDMT-SMT-DRUMS-V2\annotation_svl\WaveDrum02_33#SD.svl,0,0,0,0,11,0,0,0,0
WaveDrum02_34#HH,36,36,36,36,36,1.0,1.0,1.0,1.0,1.0,1.0,1.0,15.702317964222633,0,0,..\..\datasets\IDMT-SMT-DRUMS-V2\audio\WaveDrum02_34#HH.wav,..\..\datasets\IDMT-SMT-DRUMS-V2\annotation_svl\WaveDrum02_34#HH.svl,0,0,0,0,0,0,0,0,36
WaveDrum02_34#KD,31,31,31,31,31,1.0,1.0,1.0,1.0,1.0,1.0,1.0,18.398068904981344,0,0,..\..\datasets\IDMT-SMT-DRUMS-V2\audio\WaveDrum02_34#KD.wav,..\..\datasets\IDMT-SMT-DRUMS-V2\annotation_svl\WaveDrum02_34#KD.svl,31,0,0,0,0,0,0,0,0
WaveDrum02_34#SD,17,17,18,17,17,0.9444444444444444,1.0,0.9714285714285714,0.9444444444444444,1.0,0.9714285714285714,1.0,13.25596905428857,0,1,..\..\datasets\IDMT-SMT-DRUMS-V2\audio\WaveDrum02_34#SD.wav,..\..\datasets\IDMT-SMT-DRUMS-V2\annotation_svl\WaveDrum02_34#SD.svl,0,0,0,0,17,0,0,0,0
WaveDrum02_35#HH,36,36,36,36,36,1.0,1.0,1.0,1.0,1.0,1.0,1.0,14.714663643234998,0,0,..\..\datasets\IDMT-SMT-DRUMS-V2\audio\WaveDrum02_35#HH.wav,..\..\datasets\IDMT-SMT-DRUMS-V2\annotation_svl\WaveDrum02_35#HH.svl,0,0,0,0,0,0,0,0,36
WaveDrum02_35#KD,31,31,31,31,31,1.0,1.0,1.0,1.0,1.0,1.0,1.0,15.892034233047955,0,0,..\..\datasets\IDMT-SMT-DRUMS-V2\audio\WaveDrum02_35#KD.wav,..\..\datasets\IDMT-SMT-DRUMS-V2\annotation_svl\WaveDrum02_35#KD.svl,31,0,0,0,0,0,0,0,0
WaveDrum02_35#SD,17,17,18,17,14,0.9444444444444444,1.0,0.9714285714285714,0.7777777777777778,0.8235294117647058,0.7999999999999999,0.8235294117647058,15.674269707883209,3,4,..\..\datasets\IDMT-SMT-DRUMS-V2\audio\WaveDrum02_35#SD.wav,..\..\datasets\IDMT-SMT-DRUMS-V2\annotation_svl\WaveDrum02_35#SD.svl,0,0,0,3,14,0,0,0,0
WaveDrum02_36#HH,35,35,36,35,35,0.9722222222222222,1.0,0.9859154929577464,0.9722222222222222,1.0,0.9859154929577464,1.0,18.041464204729444,0,1,..\..\datasets\IDMT-SMT-DRUMS-V2\audio\WaveDrum02_36#HH.wav,..\..\datasets\IDMT-SMT-DRUMS-V2\annotation_svl\WaveDrum02_36#HH.svl,0,0,0,0,0,0,0,0,35
WaveDrum02_36#KD,31,31,31,31,31,1.0,1.0,1.0,1.0,1.0,1.0,1.0,13.217760222368566,0,0,..\..\datasets\IDMT-SMT-DRUMS-V2\audio\WaveDrum02_36#KD.wav,..\..\datasets\IDMT-SMT-DRUMS-V2\annotation_svl\WaveDrum02_36#KD.svl,31,0,0,0,0,0,0,0,0
WaveDrum02_36#SD,18,18,18,18,18,1.0,1.0,1.0,1.0,1.0,1.0,1.0,14.149659863945626,0,0,..\..\datasets\IDMT-SMT-DRUMS-V2\audio\WaveDrum02_36#SD.wav,..\..\datasets\IDMT-SMT-DRUMS-V2\annotation_svl\WaveDrum02_36#SD.svl,0,0,0,0,18,0,0,0,0
WaveDrum02_37#HH,23,23,24,23,23,0.9583333333333334,1.0,0.9787234042553191,0.9583333333333334,1.0,0.9787234042553191,1.0,13.42305037957221,0,1,..\..\datasets\IDMT-SMT-DRUMS-V2\audio\WaveDrum02_37#HH.wav,..\..\datasets\IDMT-SMT-DRUMS-V2\annotation_svl\WaveDrum02_37#HH.svl,0,0,0,0,0,0,0,0,23
WaveDrum02_37#KD,12,12,17,12,12,0.7058823529411765,1.0,0.8275862068965517,0.7058823529411765,1.0,0.8275862068965517,1.0,10.00000000000024,0,5,..\..\datasets\IDMT-SMT-DRUMS-V2\audio\WaveDrum02_37#KD.wav,..\..\datasets\IDMT-SMT-DRUMS-V2\annotation_svl\WaveDrum02_37#KD.svl,12,0,0,0,0,0,0,0,0
WaveDrum02_37#SD,12,12,12,12,12,1.0,1.0,1.0,1.0,1.0,1.0,1.0,7.968631897203223,0,0,..\..\datasets\IDMT-SMT-DRUMS-V2\audio\WaveDrum02_37#SD.wav,..\..\datasets\IDMT-SMT-DRUMS-V2\annotation_svl\WaveDrum02_37#SD.svl,0,0,0,0,12,0,0,0,0
WaveDrum02_38#HH,23,23,24,23,23,0.9583333333333334,1.0,0.9787234042553191,0.9583333333333334,1.0,0.9787234042553191,1.0,12.229123533471308,0,1,..\..\datasets\IDMT-SMT-DRUMS-V2\audio\WaveDrum02_38#HH.wav,..\..\datasets\IDMT-SMT-DRUMS-V2\annotation_svl\WaveDrum02_38#HH.svl,0,0,0,0,0,0,0,0,23
WaveDrum02_38#KD,12,12,12,12,12,1.0,1.0,1.0,1.0,1.0,1.0,1.0,10.236205593348537,0,0,..\..\datasets\IDMT-SMT-DRUMS-V2\audio\WaveDrum02_38#KD.wav,..\..\datasets\IDMT-SMT-DRUMS-V2\annotation_svl\WaveDrum02_38#KD.svl,12,0,0,0,0,0,0,0,0
WaveDrum02_38#SD,12,12,12,12,12,1.0,1.0,1.0,1.0,1.0,1.0,1.0,9.310279667422492,0,0,..\..\datasets\IDMT-SMT-DRUMS-V2\audio\WaveDrum02_38#SD.wav,..\..\datasets\IDMT-SMT-DRUMS-V2\annotation_svl\WaveDrum02_38#SD.svl,0,0,0,0,12,0,0,0,0
WaveDrum02_39#HH,23,23,21,21,21,1.0,0.9130434782608695,0.9545454545454545,1.0,0.9130434782608695,0.9545454545454545,1.0,13.7501349746247,2,0,..\..\datasets\IDMT-SMT-DRUMS-V2\audio\WaveDrum02_39#HH.wav,..\..\datasets\IDMT-SMT-DRUMS-V2\annotation_svl\WaveDrum02_39#HH.svl,0,0,0,0,0,0,0,0,21
WaveDrum02_39#KD,12,12,13,12,12,0.9230769230769231,1.0,0.9600000000000001,0.9230769230769231,1.0,0.9600000000000001,1.0,11.35865457294052,0,1,..\..\datasets\IDMT-SMT-DRUMS-V2\audio\WaveDrum02_39#KD.wav,..\..\datasets\IDMT-SMT-DRUMS-V2\annotation_svl\WaveDrum02_39#KD.svl,12,0,0,0,0,0,0,0,0
WaveDrum02_39#SD,12,12,12,12,12,1.0,1.0,1.0,1.0,1.0,1.0,1.0,9.359410430839072,0,0,..\..\datasets\IDMT-SMT-DRUMS-V2\audio\WaveDrum02_39#SD.wav,..\..\datasets\IDMT-SMT-DRUMS-V2\annotation_svl\WaveDrum02_39#SD.svl,0,0,0,0,12,0,0,0,0
WaveDrum02_40#HH,49,49,45,45,45,1.0,0.9183673469387755,0.9574468085106383,1.0,0.9183673469387755,0.9574468085106383,1.0,15.659360040312434,4,0,..\..\datasets\IDMT-SMT-DRUMS-V2\audio\WaveDrum02_40#HH.wav,..\..\datasets\IDMT-SMT-DRUMS-V2\annotation_svl\WaveDrum02_40#HH.svl,0,0,0,0,0,0,0,0,45
WaveDrum02_40#KD,20,20,21,20,20,0.9523809523809523,1.0,0.975609756097561,0.9523809523809523,1.0,0.975609756097561,1.0,10.201814058956906,0,1,..\..\datasets\IDMT-SMT-DRUMS-V2\audio\WaveDrum02_40#KD.wav,..\..\datasets\IDMT-SMT-DRUMS-V2\annotation_svl\WaveDrum02_40#KD.svl,20,0,0,0,0,0,0,0,0
WaveDrum02_40#SD,19,19,16,16,5,1.0,0.8421052631578947,0.9142857142857143,0.3125,0.2631578947368421,0.2857142857142857,0.3125,12.858560090703019,14,11,..\..\datasets\IDMT-SMT-DRUMS-V2\audio\WaveDrum02_40#SD.wav,..\..\datasets\IDMT-SMT-DRUMS-V2\annotation_svl\WaveDrum02_40#SD.svl,0,0,0,11,5,0,0,0,0
WaveDrum02_41#HH,47,47,22,21,21,0.9545454545454546,0.44680851063829785,0.6086956521739131,0.9545454545454546,0.44680851063829785,0.6086956521739131,1.0,11.426411834575203,26,1,..\..\datasets\IDMT-SMT-DRUMS-V2\audio\WaveDrum02_41#HH.wav,..\..\datasets\IDMT-SMT-DRUMS-V2\annotation_svl\WaveDrum02_41#HH.svl,0,0,0,0,0,0,0,0,21
WaveDrum02_41#KD,20,20,17,17,17,1.0,0.85,0.9189189189189189,1.0,0.85,0.9189189189189189,1.0,13.043884220354728,3,0,..\..\datasets\IDMT-SMT-DRUMS-V2\audio\WaveDrum02_41#KD.wav,..\..\datasets\IDMT-SMT-DRUMS-V2\annotation_svl\WaveDrum02_41#KD.svl,17,0,0,0,0,0,0,0,0
WaveDrum02_41#SD,19,19,11,11,11,1.0,0.5789473684210527,0.7333333333333334,1.0,0.5789473684210527,0.7333333333333334,1.0,8.470418470418334,8,0,..\..\datasets\IDMT-SMT-DRUMS-V2\audio\WaveDrum02_41#SD.wav,..\..\datasets\IDMT-SMT-DRUMS-V2\annotation_svl\WaveDrum02_41#SD.svl,0,0,0,0,11,0,0,0,0
WaveDrum02_42#HH,47,47,38,37,37,0.9736842105263158,0.7872340425531915,0.8705882352941177,0.9736842105263158,0.7872340425531915,0.8705882352941177,1.0,11.256971256971289,10,1,..\..\datasets\IDMT-SMT-DRUMS-V2\audio\WaveDrum02_42#HH.wav,..\..\datasets\IDMT-SMT-DRUMS-V2\annotation_svl\WaveDrum02_42#HH.svl,0,0,0,0,0,0,0,0,37
WaveDrum02_42#KD,20,20,20,20,20,1.0,1.0,1.0,1.0,1.0,1.0,1.0,13.548752834467154,0,0,..\..\datasets\IDMT-SMT-DRUMS-V2\audio\WaveDrum02_42#KD.wav,..\..\datasets\IDMT-SMT-DRUMS-V2\annotation_svl\WaveDrum02_42#KD.svl,20,0,0,0,0,0,0,0,0
WaveDrum02_42#SD,19,19,17,17,2,1.0,0.8947368421052632,0.9444444444444444,0.11764705882352941,0.10526315789473684,0.1111111111111111,0.11764705882352941,14.864612511671279,17,15,..\..\datasets\IDMT-SMT-DRUMS-V2\audio\WaveDrum02_42#SD.wav,..\..\datasets\IDMT-SMT-DRUMS-V2\annotation_svl\WaveDrum02_42#SD.svl,0,0,0,11,2,4,0,0,0
WaveDrum02_43#HH,20,20,21,20,20,0.9523809523809523,1.0,0.975609756097561,0.9523809523809523,1.0,0.975609756097561,1.0,15.300453514739107,0,1,..\..\datasets\IDMT-SMT-DRUMS-V2\audio\WaveDrum02_43#HH.wav,..\..\datasets\IDMT-SMT-DRUMS-V2\annotation_svl\WaveDrum02_43#HH.svl,0,0,0,0,0,0,0,0,20
WaveDrum02_43#KD,21,21,23,21,21,0.9130434782608695,1.0,0.9545454545454545,0.9130434782608695,1.0,0.9545454545454545,1.0,18.893208076881656,0,2,..\..\datasets\IDMT-SMT-DRUMS-V2\audio\WaveDrum02_43#KD.wav,..\..\datasets\IDMT-SMT-DRUMS-V2\annotation_svl\WaveDrum02_43#KD.svl,21,0,0,0,0,0,0,0,0
WaveDrum02_43#SD,12,12,12,12,12,1.0,1.0,1.0,1.0,1.0,1.0,1.0,10.181405895691423,0,0,..\..\datasets\IDMT-SMT-DRUMS-V2\audio\WaveDrum02_43#SD.wav,..\..\datasets\IDMT-SMT-DRUMS-V2\annotation_svl\WaveDrum02_43#SD.svl,0,0,0,0,12,0,0,0,0
WaveDrum02_44#HH,28,28,28,27,27,0.9642857142857143,0.9642857142857143,0.9642857142857143,0.9642857142857143,0.9642857142857143,0.9642857142857143,1.0,16.524733350130173,1,1,..\..\datasets\IDMT-SMT-DRUMS-V2\audio\WaveDrum02_44#HH.wav,..\..\datasets\IDMT-SMT-DRUMS-V2\annotation_svl\WaveDrum02_44#HH.svl,0,0,0,0,0,0,0,0,27
WaveDrum02_44#KD,29,29,29,29,20,1.0,1.0,1.0,0.6896551724137931,0.6896551724137931,0.6896551724137931,0.6896551724137931,15.159903041676586,9,9,..\..\datasets\IDMT-SMT-DRUMS-V2\audio\WaveDrum02_44#KD.wav,..\..\datasets\IDMT-SMT-DRUMS-V2\annotation_svl\WaveDrum02_44#KD.svl,20,9,0,0,0,0,0,0,0
WaveDrum02_44#SD,17,17,17,17,15,1.0,1.0,1.0,0.8823529411764706,0.8823529411764706,0.8823529411764706,0.8823529411764706,12.100840336134404,2,2,..\..\datasets\IDMT-SMT-DRUMS-V2\audio\WaveDrum02_44#SD.wav,..\..\datasets\IDMT-SMT-DRUMS-V2\annotation_svl\WaveDrum02_44#SD.svl,0,0,0,2,15,0,0,0,0
WaveDrum02_45#HH,29,29,29,29,29,1.0,1.0,1.0,1.0,1.0,1.0,1.0,19.30956290562206,0,0,..\..\datasets\IDMT-SMT-DRUMS-V2\audio\WaveDrum02_45#HH.wav,..\..\datasets\IDMT-SMT-DRUMS-V2\annotation_svl\WaveDrum02_45#HH.svl,0,0,0,0,0,0,0,0,29
WaveDrum02_45#KD,28,28,29,28,28,0.9655172413793104,1.0,0.9824561403508771,0.9655172413793104,1.0,0.9824561403508771,1.0,16.138645934564273,0,1,..\..\datasets\IDMT-SMT-DRUMS-V2\audio\WaveDrum02_45#KD.wav,..\..\datasets\IDMT-SMT-DRUMS-V2\annotation_svl\WaveDrum02_45#KD.svl,28,0,0,0,0,0,0,0,0
WaveDrum02_45#SD,17,17,17,17,14,1.0,1.0,1.0,0.8235294117647058,0.8235294117647058,0.8235294117647058,0.8235294117647058,12.771775376817374,3,3,..\..\datasets\IDMT-SMT-DRUMS-V2\audio\WaveDrum02_45#SD.wav,..\..\datasets\IDMT-SMT-DRUMS-V2\annotation_svl\WaveDrum02_45#SD.svl,0,0,0,3,14,0,0,0,0
WaveDrum02_46#HH,36,36,26,25,25,0.9615384615384616,0.6944444444444444,0.8064516129032258,0.9615384615384616,0.6944444444444444,0.8064516129032258,1.0,14.67301587301575,11,1,..\..\datasets\IDMT-SMT-DRUMS-V2\audio\WaveDrum02_46#HH.wav,..\..\datasets\IDMT-SMT-DRUMS-V2\annotation_svl\WaveDrum02_46#HH.svl,0,0,0,0,0,0,0,0,25
WaveDrum02_46#KD,10,10,15,10,10,0.6666666666666666,1.0,0.8,0.6666666666666666,1.0,0.8,1.0,9.39002267573749,0,5,..\..\datasets\IDMT-SMT-DRUMS-V2\audio\WaveDrum02_46#KD.wav,..\..\datasets\IDMT-SMT-DRUMS-V2\annotation_svl\WaveDrum02_46#KD.svl,10,0,0,0,0,0,0,0,0
WaveDrum02_46#SD,10,10,10,10,10,1.0,1.0,1.0,1.0,1.0,1.0,1.0,7.312925170068163,0,0,..\..\datasets\IDMT-SMT-DRUMS-V2\audio\WaveDrum02_46#SD.wav,..\..\datasets\IDMT-SMT-DRUMS-V2\annotation_svl\WaveDrum02_46#SD.svl,0,0,0,0,10,0,0,0,0
WaveDrum02_47#HH,37,37,22,22,22,1.0,0.5945945945945946,0.7457627118644068,1.0,0.5945945945945946,0.7457627118644068,1.0,12.259327973613676,15,0,..\..\datasets\IDMT-SMT-DRUMS-V2\audio\WaveDrum02_47#HH.wav,..\..\datasets\IDMT-SMT-DRUMS-V2\annotation_svl\WaveDrum02_47#HH.svl,0,0,0,0,0,0,0,0,22
WaveDrum02_47#KD,10,10,10,10,10,1.0,1.0,1.0,1.0,1.0,1.0,1.0,10.820861678004697,0,0,..\..\datasets\IDMT-SMT-DRUMS-V2\audio\WaveDrum02_47#KD.wav,..\..\datasets\IDMT-SMT-DRUMS-V2\annotation_svl\WaveDrum02_47#KD.svl,10,0,0,0,0,0,0,0,0
WaveDrum02_47#SD,10,10,10,10,10,1.0,1.0,1.0,1.0,1.0,1.0,1.0,8.868480725623684,0,0,..\..\datasets\IDMT-SMT-DRUMS-V2\audio\WaveDrum02_47#SD.wav,..\..\datasets\IDMT-SMT-DRUMS-V2\annotation_svl\WaveDrum02_47#SD.svl,0,0,0,0,10,0,0,0,0
WaveDrum02_48#HH,36,36,25,24,24,0.96,0.6666666666666666,0.7868852459016393,0.96,0.6666666666666666,0.7868852459016393,1.0,15.462962962962905,12,1,..\..\datasets\IDMT-SMT-DRUMS-V2\audio\WaveDrum02_48#HH.wav,..\..\datasets\IDMT-SMT-DRUMS-V2\annotation_svl\WaveDrum02_48#HH.svl,0,0,0,0,0,0,0,0,24
WaveDrum02_48#KD,10,10,19,10,10,0.5263157894736842,1.0,0.6896551724137931,0.5263157894736842,1.0,0.6896551724137931,1.0,12.272108843537806,0,9,..\..\datasets\IDMT-SMT-DRUMS-V2\audio\WaveDrum02_48#KD.wav,..\..\datasets\IDMT-SMT-DRUMS-V2\annotation_svl\WaveDrum02_48#KD.svl,10,0,0,0,0,0,0,0,0
WaveDrum02_48#SD,10,10,10,10,5,1.0,1.0,1.0,0.5,0.5,0.5,0.5,7.755102040816297,5,5,..\..\datasets\IDMT-SMT-DRUMS-V2\audio\WaveDrum02_48#SD.wav,..\..\datasets\IDMT-SMT-DRUMS-V2\annotation_svl\WaveDrum02_48#SD.svl,0,0,0,0,5,5,0,0,0
WaveDrum02_49#HH,55,55,56,54,54,0.9642857142857143,0.9818181818181818,0.972972972972973,0.9642857142857143,0.9818181818181818,0.972972972972973,1.0,19.089611153103117,1,2,..\..\datasets\IDMT-SMT-DRUMS-V2\audio\WaveDrum02_49#HH.wav,..\..\datasets\IDMT-SMT-DRUMS-V2\annotation_svl\WaveDrum02_49#HH.svl,0,0,0,0,0,0,0,0,54
WaveDrum02_49#KD,31,31,31,31,31,1.0,1.0,1.0,1.0,1.0,1.0,1.0,21.683856338234172,0,0,..\..\datasets\IDMT-SMT-DRUMS-V2\audio\WaveDrum02_49#KD.wav,..\..\datasets\IDMT-SMT-DRUMS-V2\annotation_svl\WaveDrum02_49#KD.svl,31,0,0,0,0,0,0,0,0
WaveDrum02_49#SD,11,11,11,11,11,1.0,1.0,1.0,1.0,1.0,1.0,1.0,12.20160791589339,0,0,..\..\datasets\IDMT-SMT-DRUMS-V2\audio\WaveDrum02_49#SD.wav,..\..\datasets\IDMT-SMT-DRUMS-V2\annotation_svl\WaveDrum02_49#SD.svl,0,0,0,0,11,0,0,0,0
WaveDrum02_50#HH,56,56,39,39,39,1.0,0.6964285714285714,0.8210526315789474,1.0,0.6964285714285714,0.8210526315789474,1.0,15.927670213384316,17,0,..\..\datasets\IDMT-SMT-DRUMS-V2\audio\WaveDrum02_50#HH.wav,..\..\datasets\IDMT-SMT-DRUMS-V2\annotation_svl\WaveDrum02_50#HH.svl,0,0,0,0,0,0,0,0,39
WaveDrum02_50#KD,31,31,30,30,17,1.0,0.967741935483871,0.9836065573770492,0.5666666666666667,0.5483870967741935,0.5573770491803278,0.5666666666666667,17.075585789871567,14,13,..\..\datasets\IDMT-SMT-DRUMS-V2\audio\WaveDrum02_50#KD.wav,..\..\datasets\IDMT-SMT-DRUMS-V2\annotation_svl\WaveDrum02_50#KD.svl,17,13,0,0,0,0,0,0,0
WaveDrum02_50#SD,11,11,11,11,11,1.0,1.0,1.0,1.0,1.0,1.0,1.0,12.533498247783786,0,0,..\..\datasets\IDMT-SMT-DRUMS-V2\audio\WaveDrum02_50#SD.wav,..\..\datasets\IDMT-SMT-DRUMS-V2\annotation_svl\WaveDrum02_50#SD.svl,0,0,0,0,11,0,0,0,0
WaveDrum02_51#HH,55,55,53,52,52,0.9811320754716981,0.9454545454545454,0.9629629629629629,0.9811320754716981,0.9454545454545454,0.9629629629629629,1.0,12.291557648700362,3,1,..\..\datasets\IDMT-SMT-DRUMS-V2\audio\WaveDrum02_51#HH.wav,..\..\datasets\IDMT-SMT-DRUMS-V2\annotation_svl\WaveDrum02_51#HH.svl,0,0,0,0,0,0,0,0,52
WaveDrum02_51#KD,31,31,31,31,31,1.0,1.0,1.0,1.0,1.0,1.0,1.0,18.78428790871185,0,0,..\..\datasets\IDMT-SMT-DRUMS-V2\audio\WaveDrum02_51#KD.wav,..\..\datasets\IDMT-SMT-DRUMS-V2\annotation_svl\WaveDrum02_51#KD.svl,31,0,0,0,0,0,0,0,0
WaveDrum02_51#SD,11,11,11,11,11,1.0,1.0,1.0,1.0,1.0,1.0,1.0,12.68604411461536,0,0,..\..\datasets\IDMT-SMT-DRUMS-V2\audio\WaveDrum02_51#SD.wav,..\..\datasets\IDMT-SMT-DRUMS-V2\annotation_svl\WaveDrum02_51#SD.svl,0,0,0,0,11,0,0,0,0
WaveDrum02_52#HH,36,36,36,36,36,1.0,1.0,1.0,1.0,1.0,1.0,1.0,19.611363063744022,0,0,..\..\datasets\IDMT-SMT-DRUMS-V2\audio\WaveDrum02_52#HH.wav,..\..\datasets\IDMT-SMT-DRUMS-V2\annotation_svl\WaveDrum02_52#HH.svl,0,0,0,0,0,0,0,0,36
WaveDrum02_52#KD,31,31,31,31,31,1.0,1.0,1.0,1.0,1.0,1.0,1.0,18.700168239338815,0,0,..\..\datasets\IDMT-SMT-DRUMS-V2\audio\WaveDrum02_52#KD.wav,..\..\datasets\IDMT-SMT-DRUMS-V2\annotation_svl\WaveDrum02_52#KD.svl,31,0,0,0,0,0,0,0,0
WaveDrum02_52#SD,17,17,18,17,17,0.9444444444444444,1.0,0.9714285714285714,0.9444444444444444,1.0,0.9714285714285714,1.0,14.236361211151014,0,1,..\..\datasets\IDMT-SMT-DRUMS-V2\audio\WaveDrum02_52#SD.wav,..\..\datasets\IDMT-SMT-DRUMS-V2\annotation_svl\WaveDrum02_52#SD.svl,0,0,0,0,17,0,0,0,0
WaveDrum02_53#HH,35,35,36,35,35,0.9722222222222222,1.0,0.9859154929577464,0.9722222222222222,1.0,0.9859154929577464,1.0,18.06673145448644,0,1,..\..\datasets\IDMT-SMT-DRUMS-V2\audio\WaveDrum02_53#HH.wav,..\..\datasets\IDMT-SMT-DRUMS-V2\annotation_svl\WaveDrum02_53#HH.svl,0,0,0,0,0,0,0,0,35
WaveDrum02_53#KD,31,31,31,31,31,1.0,1.0,1.0,1.0,1.0,1.0,1.0,14.552702801550701,0,0,..\..\datasets\IDMT-SMT-DRUMS-V2\audio\WaveDrum02_53#KD.wav,..\..\datasets\IDMT-SMT-DRUMS-V2\annotation_svl\WaveDrum02_53#KD.svl,31,0,0,0,0,0,0,0,0
WaveDrum02_53#SD,18,18,18,18,18,1.0,1.0,1.0,1.0,1.0,1.0,1.0,13.454270597127818,0,0,..\..\datasets\IDMT-SMT-DRUMS-V2\audio\WaveDrum02_53#SD.wav,..\..\datasets\IDMT-SMT-DRUMS-V2\annotation_svl\WaveDrum02_53#SD.svl,0,0,0,0,18,0,0,0,0
WaveDrum02_54#HH,36,36,36,36,36,1.0,1.0,1.0,1.0,1.0,1.0,1.0,18.89392794154697,0,0,..\..\datasets\IDMT-SMT-DRUMS-V2\audio\WaveDrum02_54#HH.wav,..\..\datasets\IDMT-SMT-DRUMS-V2\annotation_svl\WaveDrum02_54#HH.svl,0,0,0,0,0,0,0,0,36
WaveDrum02_54#KD,31,31,31,31,31,1.0,1.0,1.0,1.0,1.0,1.0,1.0,17.583936800526697,0,0,..\..\datasets\IDMT-SMT-DRUMS-V2\audio\WaveDrum02_54#KD.wav,..\..\datasets\IDMT-SMT-DRUMS-V2\annotation_svl\WaveDrum02_54#KD.svl,31,0,0,0,0,0,0,0,0
WaveDrum02_54#SD,17,17,18,17,15,0.9444444444444444,1.0,0.9714285714285714,0.8333333333333334,0.8823529411764706,0.8571428571428571,0.8823529411764706,17.42430305455518,2,3,..\..\datasets\IDMT-SMT-DRUMS-V2\audio\WaveDrum02_54#SD.wav,..\..\datasets\IDMT-SMT-DRUMS-V2\annotation_svl\WaveDrum02_54#SD.svl,0,0,0,2,15,0,0,0,0
WaveDrum02_55#HH,34,34,33,33,33,1.0,0.9705882352941176,0.9850746268656716,1.0,0.9705882352941176,0.9850746268656716,1.0,11.337868480725641,1,0,..\..\datasets\IDMT-SMT-DRUMS-V2\audio\WaveDrum02_55#HH.wav,..\..\datasets\IDMT-SMT-DRUMS-V2\annotation_svl\WaveDrum02_55#HH.svl,0,0,0,0,0,0,0,0,33
WaveDrum02_55#KD,13,13,13,12,5,0.9230769230769231,0.9230769230769231,0.9230769230769231,0.38461538461538464,0.38461538461538464,0.38461538461538464,0.4166666666666667,16.06953892668166,8,8,..\..\datasets\IDMT-SMT-DRUMS-V2\audio\WaveDrum02_55#KD.wav,..\..\datasets\IDMT-SMT-DRUMS-V2\annotation_svl\WaveDrum02_55#KD.svl,5,7,0,0,0,0,0,0,0
WaveDrum02_55#SD,10,10,10,10,8,1.0,1.0,1.0,0.8,0.8,0.8000000000000002,0.8,11.478458049886823,2,2,..\..\datasets\IDMT-SMT-DRUMS-V2\audio\WaveDrum02_55#SD.wav,..\..\datasets\IDMT-SMT-DRUMS-V2\annotation_svl\WaveDrum02_55#SD.svl,0,0,0,0,8,2,0,0,0
WaveDrum02_56#HH,26,26,28,25,25,0.8928571428571429,0.9615384615384616,0.9259259259259259,0.8928571428571429,0.9615384615384616,0.9259259259259259,1.0,13.19092970521543,1,3,..\..\datasets\IDMT-SMT-DRUMS-V2\audio\WaveDrum02_56#HH.wav,..\..\datasets\IDMT-SMT-DRUMS-V2\annotation_svl\WaveDrum02_56#HH.svl,0,0,0,0,0,0,0,0,25
WaveDrum02_56#KD,13,13,13,12,5,0.9230769230769231,0.9230769230769231,0.9230769230769231,0.38461538461538464,0.38461538461538464,0.38461538461538464,0.4166666666666667,16.06953892668166,8,8,..\..\datasets\IDMT-SMT-DRUMS-V2\audio\WaveDrum02_56#KD.wav,..\..\datasets\IDMT-SMT-DRUMS-V2\annotation_svl\WaveDrum02_56#KD.svl,5,7,0,0,0,0,0,0,0
WaveDrum02_56#SD,10,10,10,10,8,1.0,1.0,1.0,0.8,0.8,0.8000000000000002,0.8,11.478458049886823,2,2,..\..\datasets\IDMT-SMT-DRUMS-V2\audio\WaveDrum02_56#SD.wav,..\..\datasets\IDMT-SMT-DRUMS-V2\annotation_svl\WaveDrum02_56#SD.svl,0,0,0,0,8,2,0,0,0
WaveDrum02_57#HH,28,28,28,28,28,1.0,1.0,1.0,1.0,1.0,1.0,1.0,11.52413346290897,0,0,..\..\datasets\IDMT-SMT-DRUMS-V2\audio\WaveDrum02_57#HH.wav,..\..\datasets\IDMT-SMT-DRUMS-V2\annotation_svl\WaveDrum02_57#HH.svl,0,0,0,0,0,0,0,0,28
WaveDrum02_57#KD,18,18,17,17,12,1.0,0.9444444444444444,0.9714285714285714,0.7058823529411765,0.6666666666666666,0.6857142857142857,0.7058823529411765,13.226623982926403,6,5,..\..\datasets\IDMT-SMT-DRUMS-V2\audio\WaveDrum02_57#KD.wav,..\..\datasets\IDMT-SMT-DRUMS-V2\annotation_svl\WaveDrum02_57#KD.svl,12,5,0,0,0,0,0,0,0
WaveDrum02_57#SD,14,14,12,12,12,1.0,0.8571428571428571,0.923076923076923,1.0,0.8571428571428571,0.923076923076923,1.0,10.211640211640033,2,0,..\..\datasets\IDMT-SMT-DRUMS-V2\audio\WaveDrum02_57#SD.wav,..\..\datasets\IDMT-SMT-DRUMS-V2\annotation_svl\WaveDrum02_57#SD.svl,0,0,0,0,12,0,0,0,0
WaveDrum02_58#HH,28,28,28,28,22,1.0,1.0,1.0,0.7857142857142857,0.7857142857142857,0.7857142857142857,0.7857142857142857,13.907515387107248,6,6,..\..\datasets\IDMT-SMT-DRUMS-V2\audio\WaveDrum02_58#HH.wav,..\..\datasets\IDMT-SMT-DRUMS-V2\annotation_svl\WaveDrum02_58#HH.svl,0,0,0,0,0,0,0,6,22
WaveDrum02_58#KD,18,18,17,17,17,1.0,0.9444444444444444,0.9714285714285714,1.0,0.9444444444444444,0.9714285714285714,1.0,14.95264772575696,1,0,..\..\datasets\IDMT-SMT-DRUMS-V2\audio\WaveDrum02_58#KD.wav,..\..\datasets\IDMT-SMT-DRUMS-V2\annotation_svl\WaveDrum02_58#KD.svl,17,0,0,0,0,0,0,0,0
WaveDrum02_58#SD,14,14,10,10,1,1.0,0.7142857142857143,0.8333333333333333,0.1,0.07142857142857142,0.08333333333333333,0.1,9.922902494331055,13,9,..\..\datasets\IDMT-SMT-DRUMS-V2\audio\WaveDrum02_58#SD.wav,..\..\datasets\IDMT-SMT-DRUMS-V2\annotation_svl\WaveDrum02_58#SD.svl,0,0,0,9,1,0,0,0,0
WaveDrum02_59#HH,56,56,51,50,50,0.9803921568627451,0.8928571428571429,0.9345794392523364,0.9803921568627451,0.8928571428571429,0.9345794392523364,1.0,10.05442176870741,6,1,..\..\datasets\IDMT-SMT-DRUMS-V2\audio\WaveDrum02_59#HH.wav,..\..\datasets\IDMT-SMT-DRUMS-V2\annotation_svl\WaveDrum02_59#HH.svl,0,0,0,0,0,0,0,0,50
WaveDrum02_59#KD,18,18,17,17,17,1.0,0.9444444444444444,0.9714285714285714,1.0,0.9444444444444444,0.9714285714285714,1.0,15.063358676803862,1,0,..\..\datasets\IDMT-SMT-DRUMS-V2\audio\WaveDrum02_59#KD.wav,..\..\datasets\IDMT-SMT-DRUMS-V2\annotation_svl\WaveDrum02_59#KD.svl,17,0,0,0,0,0,0,0,0
WaveDrum02_59#SD,9,9,9,9,9,1.0,1.0,1.0,1.0,1.0,1.0,1.0,8.914084152179289,0,0,..\..\datasets\IDMT-SMT-DRUMS-V2\audio\WaveDrum02_59#SD.wav,..\..\datasets\IDMT-SMT-DRUMS-V2\annotation_svl\WaveDrum02_59#SD.svl,0,0,0,0,9,0,0,0,0
WaveDrum02_60#HH,59,59,47,47,47,1.0,0.7966101694915254,0.8867924528301886,1.0,0.7966101694915254,0.8867924528301886,1.0,11.751338833405674,12,0,..\..\datasets\IDMT-SMT-DRUMS-V2\audio\WaveDrum02_60#HH.wav,..\..\datasets\IDMT-SMT-DRUMS-V2\annotation_svl\WaveDrum02_60#HH.svl,0,0,0,0,0,0,0,0,47
WaveDrum02_60#KD,18,18,18,18,18,1.0,1.0,1.0,1.0,1.0,1.0,1.0,16.142605190223993,0,0,..\..\datasets\IDMT-SMT-DRUMS-V2\audio\WaveDrum02_60#KD.wav,..\..\datasets\IDMT-SMT-DRUMS-V2\annotation_svl\WaveDrum02_60#KD.svl,18,0,0,0,0,0,0,0,0
WaveDrum02_60#SD,9,9,9,9,9,1.0,1.0,1.0,1.0,1.0,1.0,1.0,7.583774250440865,0,0,..\..\datasets\IDMT-SMT-DRUMS-V2\audio\WaveDrum02_60#SD.wav,..\..\datasets\IDMT-SMT-DRUMS-V2\annotation_svl\WaveDrum02_60#SD.svl,0,0,0,0,9,0,0,0,0
